{
  "properties": {
    "connectionReferences": {},
    "definition": {
      "$schema": "https://schema.management.azure.com/providers/Microsoft.Logic/schemas/2016-06-01/workflowdefinition.json#",
      "contentVersion": "1.0.0.0",
      "parameters": {
        "$authentication": {
          "defaultValue": {},
          "type": "SecureObject"
        },
        "ALM 2 Environment Variable (alm2_ALM2EnvironmentVariable)": {
          "defaultValue": "Kaylee Frye - Dev",
          "type": "String",
          "metadata": {
            "schemaName": "alm2_ALM2EnvironmentVariable"
          }
        }
      },
      "triggers": {
        "manual": {
          "metadata": {
            "operationMetadataId": "43e094d9-1484-4000-addd-34fb61cf7fbf"
          },
          "type": "Request",
          "kind": "PowerAppV2",
          "inputs": {
            "schema": {
              "type": "object",
              "properties": {},
              "required": []
            }
          }
        }
      },
      "actions": {
        "Respond_to_a_Power_App_or_flow": {
          "runAfter": {},
          "metadata": {
            "operationMetadataId": "52790c73-2e48-44fe-b473-1bf93113c4a5"
          },
          "type": "Response",
          "kind": "PowerApp",
          "inputs": {
            "statusCode": 200,
            "body": {
              "value": "@parameters('ALM 2 Environment Variable (alm2_ALM2EnvironmentVariable)')"
            },
            "schema": {
              "type": "object",
              "properties": {
                "value": {
                  "title": "Value",
                  "x-ms-dynamically-added": true,
                  "type": "string"
                }
              }
            }
          }
        }
      }
    },
    "templateName": ""
  },
  "schemaVersion": "1.0.0.0"
}