<ImportExportXml xmlns:xsi="http://www.w3.org/2001/XMLSchema-instance" OrganizationVersion="9.2.24111.164" OrganizationSchemaType="Standard" CRMServerServiceabilityVersion="9.2.24111.00168">
  <Entities></Entities>
  <Roles></Roles>
  <Workflows>
    <Workflow WorkflowId="{290f7b89-b4a1-ef11-8a69-6045bd09c8c1}" Name="ALM 2 Environment Variable List (Power Apps)">
      <JsonFileName>/Workflows/ALM2EnvironmentVariableListPowerApps-290F7B89-B4A1-EF11-8A69-6045BD09C8C1.json</JsonFileName>
      <Type>1</Type>
      <Subprocess>0</Subprocess>
      <Category>5</Category>
      <Mode>0</Mode>
      <Scope>4</Scope>
      <OnDemand>0</OnDemand>
      <TriggerOnCreate>0</TriggerOnCreate>
      <TriggerOnDelete>0</TriggerOnDelete>
      <AsyncAutodelete>0</AsyncAutodelete>
      <SyncWorkflowLogOnFailure>0</SyncWorkflowLogOnFailure>
      <StateCode>1</StateCode>
      <StatusCode>2</StatusCode>
      <RunAs>1</RunAs>
      <IsTransacted>1</IsTransacted>
      <IntroducedVersion>1.0.0.0</IntroducedVersion>
      <IsCustomizable>1</IsCustomizable>
      <BusinessProcessType>0</BusinessProcessType>
      <IsCustomProcessingStepAllowedForOtherPublishers>1</IsCustomProcessingStepAllowedForOtherPublishers>
      <PrimaryEntity>none</PrimaryEntity>
      <LocalizedNames>
        <LocalizedName languagecode="1033" description="ALM 2 Environment Variable List (Power Apps)" />
      </LocalizedNames>
    </Workflow>
    <Workflow WorkflowId="{94f75ae3-34a1-ef11-8a69-6045bd09c8dd}" Name="ALM 2 Environment Variable Get (Power Apps)">
      <JsonFileName>/Workflows/ALM2EnvironmentVariableGetPowerApps-94F75AE3-34A1-EF11-8A69-6045BD09C8DD.json</JsonFileName>
      <Type>1</Type>
      <Subprocess>0</Subprocess>
      <Category>5</Category>
      <Mode>0</Mode>
      <Scope>4</Scope>
      <OnDemand>0</OnDemand>
      <TriggerOnCreate>0</TriggerOnCreate>
      <TriggerOnDelete>0</TriggerOnDelete>
      <AsyncAutodelete>0</AsyncAutodelete>
      <SyncWorkflowLogOnFailure>0</SyncWorkflowLogOnFailure>
      <StateCode>1</StateCode>
      <StatusCode>2</StatusCode>
      <RunAs>1</RunAs>
      <IsTransacted>1</IsTransacted>
      <IntroducedVersion>1.0.0.0</IntroducedVersion>
      <IsCustomizable>1</IsCustomizable>
      <BusinessProcessType>0</BusinessProcessType>
      <IsCustomProcessingStepAllowedForOtherPublishers>1</IsCustomProcessingStepAllowedForOtherPublishers>
      <PrimaryEntity>none</PrimaryEntity>
      <LocalizedNames>
        <LocalizedName languagecode="1033" description="ALM 2 Environment Variable Get (Power Apps)" />
      </LocalizedNames>
    </Workflow>
  </Workflows>
  <FieldSecurityProfiles></FieldSecurityProfiles>
  <Templates />
  <EntityMaps />
  <EntityRelationships />
  <OrganizationSettings />
  <optionsets />
  <CustomControls />
  <EntityDataProviders />
  <CanvasApps>
    <CanvasApp>
      <Name>alm2_alm2canvasapp_1386e</Name>
      <AppVersion>2024-11-13T11:52:01Z</AppVersion>
      <Status>Ready</Status>
      <CreatedByClientVersion>3.24112.4.0</CreatedByClientVersion>
      <MinClientVersion>3.24112.4.0</MinClientVersion>
      <Tags>{"primaryDeviceWidth":"1366","primaryDeviceHeight":"768","supportsPortrait":"true","supportsLandscape":"true","primaryFormFactor":"Tablet","showStatusBar":"false","publisherVersion":"3.24112.4","minimumRequiredApiVersion":"2.2.0","hasComponent":"false","hasUnlockedComponent":"false","isUnifiedRootApp":"false","sienaVersion":"20241112T203252Z-3.24112.4.0"}</Tags>
      <IsCdsUpgraded>0</IsCdsUpgraded>
      <GalleryItemId xsi:nil="true"></GalleryItemId>
      <BackgroundColor>RGBA(0,176,240,1)</BackgroundColor>
      <DisplayName>ALM 2 Canvas App</DisplayName>
      <Description xsi:nil="true"></Description>
      <CommitMessage xsi:nil="true"></CommitMessage>
      <Publisher xsi:nil="true"></Publisher>
      <AuthorizationReferences>[]</AuthorizationReferences>
      <ConnectionReferences>{"1cf173f5-30e1-4e3d-b032-714d9c4ed35c":{"id":"/providers/microsoft.powerapps/apis/shared_logicflows","displayName":"Logic flows","iconUri":"https://connectoricons-prod.azureedge.net/releases/v1.0.1719/1.0.1719.3955/logicflows/icon.png","dataSources":["ALM2EnvironmentVariableList(PowerApps)"],"dependencies":["20e37808-6bf2-4083-a8b4-954fa3a43615"],"dependents":[],"parameterHints":{"workflowName":{"value":"c62509b4-2e24-458a-839d-53cda419c792"},"workflowEntityId":{"value":"290f7b89-b4a1-ef11-8a69-6045bd09c8c1"},"workflowDisplayName":{"value":"ALM 2 Environment Variable List (Power Apps)"},"20e37808-6bf2-4083-a8b4-954fa3a43615":{"value":"shared_commondataserviceforapps"}},"parameterHintsV2":{"workflowName":{"value":"c62509b4-2e24-458a-839d-53cda419c792"},"workflowEntityId":{"value":"290f7b89-b4a1-ef11-8a69-6045bd09c8c1"},"workflowDisplayName":{"value":"ALM 2 Environment Variable List (Power Apps)"},"shared_commondataserviceforapps":{"value":"20e37808-6bf2-4083-a8b4-954fa3a43615"}},"isOnPremiseConnection":false,"bypassConsent":false,"dataSets":{},"apiTier":"Standard","actions":["Run"]},"20e37808-6bf2-4083-a8b4-954fa3a43615":{"id":"/providers/microsoft.powerapps/apis/shared_commondataserviceforapps","displayName":"Microsoft Dataverse","iconUri":"https://connectoricons-prod.azureedge.net/releases/v1.0.1716/1.0.1716.3922/commondataserviceforapps/icon.png","dataSources":[],"dependencies":[],"dependents":["1cf173f5-30e1-4e3d-b032-714d9c4ed35c"],"parameterHints":{},"parameterHintsV2":{},"isOnPremiseConnection":false,"bypassConsent":false,"dataSets":{},"apiTier":"Premium"},"bc090496-cc1f-4735-80d8-ccffa1e56474":{"id":"/providers/microsoft.powerapps/apis/shared_logicflows","displayName":"Logic flows","iconUri":"https://connectoricons-prod.azureedge.net/releases/v1.0.1719/1.0.1719.3955/logicflows/icon.png","dataSources":["ALM2EnvironmentVariableGet(PowerApps)"],"dependencies":[],"dependents":[],"parameterHints":{"workflowName":{"value":"9c2220ff-9f5b-4ea3-a9fa-aabfe383566a"},"workflowEntityId":{"value":"94f75ae3-34a1-ef11-8a69-6045bd09c8dd"},"workflowDisplayName":{"value":"ALM 2 Environment Variable Get (Power Apps)"}},"parameterHintsV2":{"workflowName":{"value":"9c2220ff-9f5b-4ea3-a9fa-aabfe383566a"},"workflowEntityId":{"value":"94f75ae3-34a1-ef11-8a69-6045bd09c8dd"},"workflowDisplayName":{"value":"ALM 2 Environment Variable Get (Power Apps)"}},"isOnPremiseConnection":false,"bypassConsent":false,"dataSets":{},"apiTier":"Standard","actions":["Run"]}}</ConnectionReferences>
      <DatabaseReferences>{}</DatabaseReferences>
      <AppComponents>[]</AppComponents>
      <AppComponentDependencies>[]</AppComponentDependencies>
      <CanConsumeAppPass>0</CanConsumeAppPass>
      <CanvasAppType>0</CanvasAppType>
      <BypassConsent>0</BypassConsent>
      <AdminControlBypassConsent>0</AdminControlBypassConsent>
      <EmbeddedApp xsi:nil="true"></EmbeddedApp>
      <IntroducedVersion>1.0</IntroducedVersion>
      <CdsDependencies>{"cdsdependencies":[{"dependencyid":"290f7b89-b4a1-ef11-8a69-6045bd09c8c1","componenttype":29,"componenttypeplatformname":"Workflow"},{"dependencyid":"94f75ae3-34a1-ef11-8a69-6045bd09c8dd","componenttype":29,"componenttypeplatformname":"Workflow"}]}</CdsDependencies>
      <IsCustomizable>1</IsCustomizable>
      <BackgroundImageUri>/CanvasApps/alm2_alm2canvasapp_1386e_BackgroundImageUri</BackgroundImageUri>
      <DocumentUri>/CanvasApps/alm2_alm2canvasapp_1386e_DocumentUri.msapp</DocumentUri>
      <AdditionalUris>
        <AdditionalUri>/CanvasApps/alm2_alm2canvasapp_1386e_AdditionalUris0_identity.json</AdditionalUri>
      </AdditionalUris>
    </CanvasApp>
  </CanvasApps>
  <connectionreferences>
    <connectionreference connectionreferencelogicalname="alm2_ALM2DataverseConnectionReference">
      <connectionreferencedisplayname>ALM 2 Dataverse Connection Reference</connectionreferencedisplayname>
      <connectorid>/providers/Microsoft.PowerApps/apis/shared_commondataserviceforapps</connectorid>
      <iscustomizable>1</iscustomizable>
      <promptingbehavior>0</promptingbehavior>
      <statecode>0</statecode>
      <statuscode>1</statuscode>
    </connectionreference>
  </connectionreferences>
  <Languages>
    <Language>1033</Language>
  </Languages>
</ImportExportXml>